Name,Link,Fights,TotStrike,StrikeAcc,HeadStrike,HeadAcc,BodyStrike,BodyAcc,LegStrike,LegAcc
Jim Miller,jim-miller-fighter,31,886,40.4%,524,32.8%,187,70.0%,175,81.8%
Michael Bisping,michael-bisping-fighter,30,1567,37.7%,1132,33.1%,195,68.9%,240,86.6%
Donald Cerrone,donald-cerrone-fighter,30,1154,49.5%,525,32.5%,301,74.1%,328,85.9%
Jeremy Stephens,jeremy-stephens-fighter,30,1037,39.8%,627,30.0%,174,71.9%,236,73.1%
Demian Maia,demian-maia-fighter,29,642,42.8%,520,39.9%,83,69.7%,39,78.0%
Diego Sanchez,diego-sanchez-fighter,29,945,36.5%,674,34.0%,223,67.6%,48,76.2%
Gleison Tibau,gleison-tibau-fighter,29,601,31.8%,467,31.2%,91,63.6%,43,89.6%
Andrei Arlovski,andrei-arlovski-fighter,28,705,41.5%,407,31.7%,117,69.6%,181,73.6%
Thiago Alves,thiago-alves-fighter,27,952,40.7%,490,28.2%,126,75.9%,336,76.7%
Matt Brown,matt-brown-fighter,27,829,54.0%,516,43.2%,237,80.6%,76,70.4%
Frank Mir,frank-mir-fighter,27,339,47.0%,182,31.2%,103,87.3%,54,90.0%
BJ Penn,bj-penn-fighter,27,932,48.6%,726,44.7%,153,86.0%,53,89.8%
Vitor Belfort,vitor-belfort-fighter,26,287,47.3%,231,38.3%,34,70.8%,22,88.0%
Rafael Dos Anjos,rafael-dos-anjos-fighter,26,1246,45.4%,710,38.8%,284,70.0%,252,82.6%
Frankie Edgar,frankie-edgar-fighter,26,1463,40.2%,967,36.3%,274,62.6%,222,76.0%
Clay Guida,clay-guida-fighter,26,685,31.1%,439,25.2%,99,63.9%,147,85.5%
Joe Lauzon,joe-lauzon-fighter,26,580,39.0%,513,41.8%,55,78.6%,12,66.7%
Ross Pearson,ross-pearson-fighter,25,1102,40.2%,587,28.8%,310,65.4%,205,82.3%
Anderson Silva,anderson-silva-fighter,24,740,61.0%,416,45.5%,152,81.3%,172,84.7%
Tim Boetsch,tim-boetsch-fighter,23,594,51.4%,344,39.3%,149,70.0%,101,85.6%
Nate Diaz,nate-diaz-fighter,23,1210,43.5%,906,39.5%,198,65.6%,106,75.7%
Rashad Evans,rashad-evans-fighter,23,614,37.6%,484,34.1%,87,64.0%,43,81.1%
Evan Dunham,evan-dunham-fighter,22,1225,39.2%,1037,42.9%,136,61.8%,52,89.7%
Nik Lentz,nik-lentz-fighter,22,895,49.8%,552,42.9%,217,79.8%,126,79.7%
Charles Oliveira,charles-oliveira-fighter,22,445,49.7%,235,42.0%,128,68.8%,82,78.8%
Dennis Siver,dennis-siver-fighter,22,869,32.4%,494,27.8%,118,51.8%,257,71.6%
Georges St-Pierre,georges-st-pierre-fighter,22,1313,53.2%,850,51.6%,245,71.8%,218,77.3%
Jake Ellenberger,jake-ellenberger-fighter,21,417,39.3%,307,35.1%,72,71.3%,38,80.9%
Johny Hendricks,johny-hendricks-fighter,21,885,45.7%,584,49.7%,77,73.3%,224,87.5%
Ed Herman,ed-herman-fighter,21,624,49.8%,397,42.1%,167,82.3%,60,83.3%
Michael Johnson,michael-johnson-fighter,21,983,38.3%,526,34.4%,284,55.6%,173,75.5%
Thales Leites,thales-leites-fighter,21,557,40.4%,382,33.2%,57,61.3%,118,89.4%
Neil Magny,neil-magny-fighter,21,907,46.1%,655,45.7%,154,72.3%,98,74.2%
Dustin Poirier,dustin-poirier-fighter,21,1100,49.5%,854,47.7%,107,71.3%,139,81.8%
Mauricio Rua,mauricio-rua-fighter,21,728,52.1%,453,43.1%,112,73.2%,163,77.6%
Stefan Struve,stefan-struve-fighter,21,519,45.8%,288,35.6%,108,65.9%,123,89.1%
Yushin Okami,yushin-okami-fighter,21,513,38.5%,405,34.2%,73,88.0%,35,83.3%
Edson Barboza,edson-barboza-fighter,20,909,42.8%,392,28.3%,260,64.2%,257,77.6%
Alex Caceres,alex-caceres-fighter,20,920,49.2%,587,47.2%,217,73.8%,116,81.7%
Chris Camozzi,chris-camozzi-fighter,20,800,44.9%,470,41.2%,130,73.9%,200,82.6%
CB Dollaway,cb-dollaway-fighter,20,436,47.5%,288,45.0%,92,68.1%,56,86.2%
Darren Elkins,darren-elkins-fighter,20,791,37.7%,592,38.5%,167,63.0%,32,97.0%
Max Holloway,max-holloway-fighter,20,1552,46.5%,1130,45.1%,329,73.1%,93,78.2%
Jon Jones,jon-jones-fighter,20,1116,55.8%,574,45.6%,263,74.1%,279,72.5%
Dong Hyun Kim,dong-hyun-kim-fighter,20,424,49.0%,327,45.7%,44,77.2%,53,77.9%
Robbie Lawler,robbie-lawler-fighter,20,984,45.8%,751,46.4%,198,80.5%,35,79.5%
Gray Maynard,gray-maynard-fighter,20,480,32.3%,358,26.9%,100,69.9%,22,71.0%
Mark Hunt,mark-hunt-fighter,19,450,44.7%,358,47.4%,48,60.8%,44,88.0%
Roy Nelson,roy-nelson-fighter,19,420,36.8%,323,36.3%,52,72.2%,45,83.3%
Mike Pyle,mike-pyle-fighter,19,350,43.6%,235,36.0%,58,70.7%,57,80.3%
Joshua Burkman,josh-burkman-fighter,19,543,43.6%,259,30.0%,91,62.3%,193,81.8%
Tim Means,tim-means-fighter,19,872,45.2%,553,40.4%,221,63.9%,98,94.2%
Iuri Alcantara,iuri-alcantara-fighter,18,472,45.9%,310,35.6%,125,72.7%,37,77.1%
Junior Dos Santos,junior-dos-santos-fighter,18,961,47.8%,597,44.3%,338,66.9%,26,83.9%
Demetrious Johnson,demetrious-johnson-fighter,18,1173,54.5%,533,41.7%,369,78.2%,271,73.0%
Ovince Saint Preux,ovince-saint-preux-fighter,18,442,43.5%,304,32.2%,90,62.5%,48,75.0%
Francisco Trinaldo,francisco-trinaldo-fighter,18,673,45.4%,410,33.6%,185,78.7%,78,86.7%
Ben Saunders,ben-saunders-fighter,18,428,50.1%,228,39.4%,164,70.4%,36,81.8%
Joseph Benavidez,joseph-benavidez-fighter,17,757,35.3%,422,30.8%,189,55.8%,146,62.1%
Travis Browne,travis-browne-fighter,17,400,41.5%,238,26.9%,99,62.7%,63,78.8%
TJ Dillashaw,tj-dillashaw-fighter,17,1004,41.2%,686,37.2%,151,68.3%,167,76.6%
Rafael Natal,rafael-natal-fighter,17,656,47.9%,379,39.2%,93,54.4%,184,82.5%
Thiago Santos,thiago-santos-fighter,17,521,49.7%,301,38.0%,121,73.3%,99,81.8%
Brad Tavares,brad-tavares-fighter,17,696,40.8%,416,37.3%,118,62.4%,162,82.7%
Glover Teixeira,glover-teixeira-fighter,17,469,43.8%,405,45.7%,61,62.2%,3,100.0%
Sam Alvey,sam-alvey-fighter,17,487,45.5%,321,37.2%,88,82.2%,78,78.0%
Renan Barao,renan-barao-fighter,16,824,36.3%,497,29.1%,170,54.8%,157,72.4%
Dennis Bermudez,dennis-bermudez-fighter,16,734,47.8%,494,49.1%,105,63.3%,135,88.2%
Carlos Condit,carlos-condit-fighter,16,811,38.8%,443,36.6%,167,61.9%,201,71.3%
Tony Ferguson,tony-ferguson-fighter,16,832,44.6%,534,36.3%,130,62.5%,168,81.6%
Kelvin Gastelum,kelvin-gastelum-fighter,16,637,43.7%,444,37.8%,114,74.5%,79,87.8%
Bobby Green,bobby-green-fighter,16,649,49.8%,332,40.4%,176,70.4%,141,80.6%
Alexander Gustafsson,alexander-gustafsson-fighter,16,641,40.5%,472,43.7%,95,56.5%,74,77.9%
Derrick Lewis,derrick-lewis-fighter,16,419,51.0%,332,47.4%,66,72.5%,21,70.0%
John Lineker,john-lineker-fighter,16,904,40.0%,505,34.5%,321,56.5%,78,65.0%
John Makdessi,john-makdessi-fighter,16,920,50.7%,503,50.2%,228,58.6%,189,79.4%
Jorge Masvidal,jorge-masvidal-fighter,16,817,48.0%,508,41.5%,194,77.9%,115,68.9%
Anthony Pettis,anthony-pettis-fighter,16,533,45.8%,356,35.7%,115,61.5%,62,89.9%
Cub Swanson,cub-swanson-fighter,16,987,51.1%,599,44.9%,197,76.4%,191,77.6%
Fabricio Werdum,fabricio-werdum-fighter,16,833,55.9%,540,44.7%,153,78.9%,140,92.1%
Matt Wiman,matt-wiman-fighter,16,523,50.0%,377,44.8%,65,73.0%,81,77.9%
Rani Yahya,rani-yahya-fighter,16,270,39.0%,162,28.0%,57,68.7%,51,76.1%
Derek Brunson,derek-brunson-fighter,15,259,42.5%,197,43.2%,17,56.7%,45,67.2%
Beneil Dariush,beneil-dariush-fighter,15,509,48.2%,294,37.1%,125,67.9%,90,85.7%
Ricardo Lamas,ricardo-lamas-fighter,15,484,47.2%,229,35.4%,101,80.8%,154,72.6%
Yancy Medeiros,yancy-medeiros-fighter,15,379,35.8%,246,28.9%,91,59.5%,42,82.4%
Stipe Miocic,stipe-miocic-fighter,15,720,51.7%,557,56.8%,72,84.7%,91,92.9%
John Moraga,john-moraga-fighter,15,433,43.5%,242,36.1%,109,64.1%,82,77.4%
Alistair Overeem,alistair-overeem-fighter,15,442,73.1%,201,48.7%,173,85.6%,68,91.9%
Erick Silva,erick-silva-fighter,15,265,48.7%,146,30.9%,77,66.4%,42,84.0%
Cain Velasquez,cain-velasquez-fighter,15,700,57.5%,526,68.4%,75,86.2%,99,88.4%
Chris Weidman,chris-weidman-fighter,15,465,42.9%,349,38.6%,70,58.8%,46,76.7%
Robert Whittaker,robert-whittaker-fighter,15,721,40.3%,489,43.2%,101,58.4%,131,81.4%
Jose Aldo,jose-aldo-fighter,14,680,42.1%,510,45.9%,85,61.6%,85,85.9%
Jessica Andrade,jessica-andrade-fighter,14,1020,51.6%,701,54.7%,256,75.3%,63,91.3%
Raphael Assuncao,raphael-assuncao-fighter,14,613,41.4%,341,40.5%,87,60.0%,185,77.7%
Daniel Cormier,daniel-cormier-fighter,14,625,51.3%,450,48.3%,99,73.9%,76,76.0%
Patrick Cummins,patrick-cummins-fighter,14,476,50.2%,388,45.4%,51,76.1%,37,82.2%
John Dodson,john-dodson-fighter,14,646,40.8%,354,30.8%,201,77.0%,91,89.2%
Cezar Ferreira,cezar-ferreira-fighter,14,258,42.6%,140,28.3%,68,54.0%,50,78.1%
Andre Fili,andre-fili-fighter,14,459,37.0%,314,31.5%,75,66.4%,70,80.5%
Uriah Hall,uriah-hall-fighter,14,388,52.2%,212,38.1%,75,64.1%,101,89.4%
Al Iaquinta,al-iaquinta-fighter,14,637,41.4%,446,45.5%,112,62.2%,79,91.9%
Rustam Khabilov,rustam-khabilov-fighter,14,284,34.9%,214,31.2%,36,50.7%,34,59.6%
Kevin Lee,kevin-lee-fighter,14,687,43.2%,534,41.3%,136,76.4%,17,100.0%
Hector Lombard,hector-lombard-fighter,14,435,48.9%,289,40.9%,52,69.3%,94,77.7%
Court McGee,court-mcgee-fighter,14,893,36.2%,514,38.0%,178,51.3%,201,80.1%
Chad Mendes,chad-mendes-fighter,14,353,49.9%,241,37.5%,27,64.3%,85,72.6%
Sergio Pettis,sergio-pettis-fighter,14,723,37.4%,569,36.4%,77,57.5%,77,85.6%
Trevor Smith,trevor-smith-fighter,14,476,57.8%,260,46.3%,129,86.0%,87,89.7%
Abel Trujillo,abel-trujillo-fighter,14,262,41.5%,187,39.5%,56,77.8%,19,100.0%
Gian Villante,gian-villante-fighter,14,732,42.2%,496,35.0%,88,61.5%,148,87.1%
Nick Diaz,nick-diaz-fighter,14,722,41.2%,491,37.0%,176,67.2%,55,57.9%
Alex Oliveira,alex-oliveira-fighter,14,376,54.5%,231,45.1%,96,79.3%,49,86.0%
Felipe Arantes,felipe-arantes-fighter,13,342,45.1%,219,36.9%,61,62.9%,62,83.8%
Michael Chiesa,michael-chiesa-fighter,13,193,37.9%,132,31.7%,42,76.4%,19,90.5%
Jussier Formiga,jussier-formiga-fighter,13,183,38.4%,129,28.1%,31,67.4%,23,85.2%
Takanori Gomi,takanori-gomi-fighter,13,367,38.9%,230,40.0%,109,64.5%,28,70.0%
Myles Jury,myles-jury-fighter,13,251,40.2%,177,51.6%,27,46.6%,47,62.7%
Erik Koch,erik-koch-fighter,13,198,38.2%,137,29.3%,33,86.8%,28,77.8%
Jimi Manuwa,jimi-manuwa-fighter,13,287,54.2%,118,27.2%,80,76.9%,89,89.0%
Gunnar Nelson,gunnar-nelson-fighter,13,194,58.3%,156,47.4%,26,72.2%,12,85.7%
Khabib Nurmagomedov,khabib-nurmagomedov-fighter,13,634,49.4%,554,48.3%,52,71.2%,28,90.3%
Dustin Ortiz,dustin-ortiz-fighter,13,464,43.7%,279,36.2%,129,74.6%,56,76.7%
Igor Pokrajac,igor-pokrajac-fighter,13,272,45.9%,228,41.8%,24,88.9%,20,80.0%
Santiago Ponzinibbio,santiago-ponzinibbio-fighter,13,479,39.7%,358,35.7%,47,52.8%,74,87.1%
Jacare Souza,jacare-souza-fighter,13,322,53.2%,216,43.4%,83,65.9%,23,85.2%
Stephen Thompson,stephen-thompson-fighter,13,564,41.7%,368,34.1%,129,60.8%,67,84.8%
Corey Anderson,corey-anderson-fighter,13,648,47.3%,512,43.0%,90,69.8%,46,92.0%
Paul Felder,paul-felder-fighter,13,444,43.7%,249,32.7%,97,69.3%,98,84.5%
Krzysztof Jotko,krzysztof-jotko-fighter,12,345,44.1%,221,35.3%,77,73.3%,47,88.7%
Ryan LaFlare,ryan-laflare-fighter,12,363,37.5%,181,39.6%,137,60.4%,45,77.6%
Ilir Latifi,ilir-latifi-fighter,12,153,42.0%,104,48.1%,24,72.7%,25,83.3%
Tom Lawlor,tom-lawlor-fighter,12,244,42.4%,207,38.5%,18,81.8%,19,100.0%
Anthony Rocco Martin,tony-martin-fighter,12,361,39.9%,281,34.0%,32,78.0%,48,87.3%
Sergio Moraes,sergio-moraes-fighter,12,343,45.8%,263,38.9%,58,63.0%,22,81.5%
Michel Prazeres,michel-prazeres-fighter,12,386,47.4%,261,40.8%,61,59.8%,64,81.0%
Wilson Reis,wilson-reis-fighter,12,270,29.6%,152,21.9%,35,50.7%,83,83.0%
Yoel Romero,yoel-romero-fighter,12,502,51.3%,287,37.5%,101,68.7%,114,76.0%
Aljamain Sterling,aljamain-sterling-fighter,12,526,49.8%,244,37.3%,180,71.7%,102,70.3%
Mairbek Taisumov,mairbeck-taisumov-fighter,12,182,41.8%,105,41.0%,34,54.0%,43,82.7%
James Vick,james-vick-fighter,12,395,38.6%,256,31.7%,99,61.5%,40,72.7%
Eddie Wineland,eddie-wineland-fighter,12,429,28.0%,325,32.4%,80,52.3%,24,85.7%
Tyron Woodley,tyron-woodley-fighter,12,414,46.6%,248,31.0%,122,72.2%,44,84.6%
Jake Matthews,jake-matthews-fighter,12,334,46.5%,262,42.9%,38,59.4%,34,79.1%
Joanna Jedrzejczyk,joanna-jedrzejczyk-fighter,12,1345,46.4%,647,32.8%,340,69.5%,358,81.9%
Alan Jouban,alan-jouban-fighter,12,471,53.1%,273,43.9%,96,65.8%,102,85.7%
Jan Blachowicz,jan-blachowicz-fighter,12,446,50.1%,318,43.9%,99,73.3%,29,93.5%
Bryan Caraway,bryan-caraway-fighter,11,309,34.5%,248,35.1%,32,61.5%,29,78.4%
Liz Carmouche,liz-carmouche-fighter,11,282,57.9%,160,43.0%,49,79.0%,73,83.9%
Drew Dober,drew-dober-fighter,11,437,38.8%,277,37.3%,92,65.7%,68,80.0%
Jessica Eye,jessica-eye-fighter,11,513,36.9%,320,34.8%,91,62.3%,102,82.9%
Alex Garcia,alex-garcia-fighter,11,212,31.4%,176,30.1%,25,56.8%,11,91.7%
Walt Harris,walt-harris-fighter,11,208,38.9%,140,34.3%,48,51.6%,20,90.9%
James Krause,james-krause-fighter,11,542,47.4%,411,49.2%,74,68.5%,57,70.4%
Conor McGregor,conor-mcgregor-fighter,11,524,48.8%,364,46.1%,92,63.9%,68,76.4%
Pedro Munhoz,pedro-munhoz-fighter,11,473,42.8%,272,36.8%,86,48.6%,115,69.3%
Rogerio Nogueira,antonio-rogerio-nogueira-fighter,11,289,35.8%,217,36.0%,57,67.1%,15,93.8%
Amanda Nunes,amanda-nunes-fighter,11,404,51.3%,241,43.9%,62,63.9%,101,62.7%
Godofredo Pepey,godofredo-pepey-fighter,11,189,38.2%,135,27.8%,27,64.3%,27,81.8%
Ben Rothwell,ben-rothwell-fighter,11,276,43.4%,204,38.0%,40,78.4%,32,88.9%
Louis Smolka,louis-smolka-fighter,11,504,45.6%,371,49.1%,101,70.6%,32,94.1%
Peter Sobotta,peter-sobotta-fighter,11,222,39.8%,136,30.4%,38,65.5%,48,92.3%
Olivier Aubin-Mercier,olivier-aubin-mercier-fighter,11,340,51.8%,234,44.7%,70,73.7%,36,92.3%
Nordine Taleb,nordine-taleb-fighter,11,357,54.2%,185,42.8%,79,66.9%,93,85.3%
Li Jingliang,jingliang-li-fighter,11,593,43.0%,364,34.2%,61,67.8%,168,74.3%
Antonio Carlos Junior,antonio-carlos-junior-fighter,11,219,46.0%,146,38.3%,44,69.8%,29,90.6%
Anthony Hamilton,anthony-hamilton-fighter,11,246,65.6%,77,40.5%,151,93.2%,18,78.3%
Dan Hooker,dan-hooker-fighter,11,416,43.1%,292,38.4%,58,56.9%,66,64.1%
Bryan Barberena,bryan-barberena-fighter,11,435,49.4%,289,42.1%,55,69.6%,91,78.4%
Gilbert Burns,gilbert-burns-fighter,11,317,41.9%,196,32.9%,77,75.5%,44,74.6%
Omari Akhmedov,omari-akhmedov-fighter,10,296,33.5%,211,25.4%,48,61.5%,37,61.7%
Josh Barnett,josh-barnett-fighter,10,392,61.5%,248,42.2%,116,89.2%,28,90.3%
Zak Cummings,zak-cummings-fighter,10,289,32.4%,179,23.2%,54,60.7%,56,83.6%
Tim Elliott,timothy-elliott-fighter,10,432,45.9%,294,54.5%,84,61.8%,54,75.0%
Dan Hardy,dan-hardy-fighter,10,304,35.3%,190,27.5%,53,67.1%,61,67.8%
John Hathaway,john-hathaway-fighter,10,410,40.5%,274,34.8%,86,67.2%,50,89.3%
Nikita Krylov,nikita-krylov-fighter,10,271,58.9%,174,42.5%,60,63.8%,37,75.5%
Sara McMann,sara-mcmann-fighter,10,176,40.2%,119,24.3%,39,67.2%,18,81.8%
Daniel Omielanczuk,daniel-omielanczuk-fighter,10,322,57.1%,164,40.7%,89,80.2%,69,90.8%
Raquel Pennington,raquel-pennington-fighter,10,487,47.4%,308,45.8%,112,76.2%,67,85.9%
Luke Rockhold,luke-rockhold-fighter,10,311,56.0%,194,39.4%,66,75.9%,51,86.4%
Keita Nakamura,keita-nakamura-fighter,10,308,35.7%,249,32.5%,42,61.8%,17,60.7%
Anthony Smith,anthony-smith-fighter,10,329,49.3%,241,43.1%,59,67.0%,29,90.6%
Ray Borg,ray-borg-fighter,10,149,48.1%,100,41.0%,43,76.8%,6,60.0%
Chad Laprise,chad-laprise-fighter,10,410,42.8%,239,31.7%,89,75.4%,82,96.5%
Elias Theodorou,elias-theodorou-fighter,10,579,42.8%,263,32.0%,184,55.4%,132,65.7%
Sean Strickland,sean-strickland-fighter,10,504,34.8%,428,32.1%,32,60.4%,44,74.6%
Warlley Alves,warlley-alves-fighter,10,284,46.9%,166,38.0%,75,67.6%,43,75.4%
Henry Cejudo,henry-cejudo-fighter,10,422,42.6%,222,30.8%,163,74.8%,37,69.8%
Colby Covington,colby-covington-fighter,10,417,38.9%,276,31.8%,57,54.8%,84,85.7%
Leon Edwards,leon-edwards-fighter,10,340,48.3%,222,40.4%,73,73.0%,45,81.8%
Daniel Kelly,dan-kelly-fighter,10,350,38.8%,303,36.0%,21,65.6%,26,89.7%
Marlon Vera,marlon-vera-fighter,10,371,44.8%,193,34.3%,94,58.4%,84,80.0%
Joanne Calderwood,joanne-calderwood-fighter,10,406,50.6%,185,38.3%,86,60.1%,135,76.3%
Randa Markos,randa-markos-fighter,10,407,41.1%,323,36.6%,33,70.2%,51,83.6%
Tecia Torres,tecia-torres-fighter,10,559,48.9%,345,40.3%,106,68.4%,108,82.4%
Stevie Ray,stevie-ray-fighter,10,362,45.3%,221,36.2%,46,63.9%,95,80.5%
Kamaru Usman,kamaru-usman-fighter,10,527,50.7%,352,43.3%,107,72.3%,68,85.0%
Vicente Luque,vicente-luque-fighter,10,225,51.6%,135,42.1%,33,66.0%,57,87.7%
Cortney Casey,cortney-casey-sanchez-fighter,10,538,38.2%,384,32.0%,55,58.5%,99,86.8%
Alexis Davis,alexis-davis-fighter,9,348,39.6%,172,33.3%,62,66.7%,114,74.0%
Germaine de Randamie,germaine-de-randamie-fighter,9,220,48.0%,89,26.6%,84,84.0%,47,79.7%
Russell Doane,russell-doane-fighter,9,137,40.9%,103,40.6%,24,64.9%,10,76.9%
Rony Jason,rony-jason-fighter,9,155,44.3%,94,24.6%,46,62.2%,15,75.0%
Joe Proctor,joe-proctor-fighter,9,222,36.5%,152,42.0%,33,66.0%,37,77.1%
Justin Scoggins,justin-scoggins-fighter,9,359,51.7%,236,44.6%,74,61.7%,49,84.5%
Jon Tuck,jon-tuck-fighter,9,324,40.0%,182,35.8%,82,75.9%,60,84.5%
Eddie Alvarez,eddie-alvarez-fighter,9,400,41.2%,263,33.9%,101,68.7%,36,76.6%
Reza Madadi,reza-madadi-fighter,9,226,46.5%,186,40.2%,33,78.6%,7,63.6%
Alex White,alex-white-fighter,9,327,40.3%,197,32.0%,106,63.9%,24,80.0%
Chas Skelly,chas-skelly-fighter,9,172,45.1%,146,42.9%,21,58.3%,5,100.0%
Nick Hein,nick-hein-fighter,9,239,33.8%,168,28.2%,39,53.4%,32,80.0%
Brian Ortega,brian-ortega-fighter,9,359,33.7%,279,29.1%,65,73.0%,15,93.8%
Claudia Gadelha,claudia-gadelha-fighter,9,430,42.7%,364,40.1%,54,64.3%,12,75.0%
Rob Font,rob-font-fighter,9,402,40.5%,282,34.0%,84,71.2%,36,78.3%
Ulka Sasaki,yuta-sasaki-fighter,9,139,41.4%,83,33.5%,33,63.5%,23,63.9%
Holly Holm,holly-holm-fighter,9,453,34.1%,216,23.0%,128,59.8%,109,63.4%
Frankie Saenz,frankie-saenz-fighter,9,466,47.0%,225,34.1%,120,63.8%,121,84.0%
Alejandro Perez,alejandro-perez-fighter,9,362,35.9%,234,28.6%,34,75.6%,94,64.8%
Yair Rodriguez,yair-rodriguez-fighter,9,477,43.3%,260,31.7%,97,69.3%,120,84.5%
Jared Cannonier,jared-cannonier-fighter,9,259,51.0%,202,46.3%,25,71.4%,32,86.5%
Renato Moicano,renato-moicano-fighter,9,404,46.9%,258,38.3%,40,60.6%,106,86.9%
Marion Reneau,marion-reneau-fighter,9,387,41.8%,274,35.8%,68,66.7%,45,77.6%
Francis Ngannou,francis-ngannou-fighter,9,129,36.5%,103,32.4%,16,66.7%,10,90.9%
Jason Knight,jason-knight-fighter,9,338,33.7%,230,27.4%,48,59.3%,60,72.3%
Belal Muhammad,belal-muhammad-fighter,9,420,43.3%,298,36.6%,43,66.2%,79,85.9%
Mike Perry,mike-perry-fighter,9,364,45.3%,232,36.9%,58,59.8%,74,94.9%
Siyar Bahadurzada,siyar-bahadurzada-fighter,8,212,49.2%,151,49.5%,48,78.7%,13,65.0%
Bethe Correia,bethe-correia-fighter,8,406,45.0%,238,37.0%,81,63.8%,87,75.0%
Hacran Dias,hacran-dias-fighter,8,249,41.8%,171,37.7%,30,56.6%,48,87.3%
Mitch Gagnon,mitch-gagnon-fighter,8,200,48.9%,127,39.8%,50,75.8%,23,85.2%
Chan Sung Jung,chan-sung-jung-fighter,8,270,37.3%,227,40.0%,26,68.4%,17,63.0%
Hyun Gyu Lim,hyun-gyu-lim-fighter,8,286,41.0%,213,69.6%,45,72.6%,28,80.0%
Jordan Mein,jordan-mein-fighter,8,235,46.2%,161,38.8%,31,72.1%,43,87.8%
Aleksei Oleinik,olexiy-oliynyk-fighter,8,138,48.9%,92,40.4%,31,91.2%,15,75.0%
Alan Patrick,alan-patrick-fighter,8,158,43.3%,107,47.1%,32,51.6%,19,82.6%
Ronda Rousey,ronda-rousey-fighter,8,118,52.0%,83,28.6%,24,85.7%,11,91.7%
Leonardo Santos,leonardo-santos-fighter,8,151,40.4%,90,33.5%,31,53.4%,30,83.3%
Bradley Scott,bradley-scott-fighter,8,327,41.6%,200,37.9%,74,55.6%,53,79.1%
George Sullivan,george-sullivan-fighter,8,232,39.8%,133,38.7%,53,63.1%,46,75.4%
David Branch,dave-branch-fighter,8,136,40.2%,64,26.1%,41,74.5%,31,81.6%
Marcos Rogerio de Lima,marcos-rogerio-de-lima-fighter,8,118,54.4%,68,47.9%,17,53.1%,33,76.7%
Neil Seery,neil-seery-fighter,8,344,41.1%,292,42.5%,23,47.9%,29,69.0%
Vitor Miranda,vitor-miranda-fighter,8,235,45.9%,132,40.0%,35,42.7%,68,68.0%
Diego Ferreira,carlos-diego-ferreira-fighter,8,221,41.3%,156,35.4%,45,62.5%,20,90.9%
Joe Soto,joe-soto-fighter,8,238,41.8%,195,38.6%,17,73.9%,26,61.9%
Paige VanZant,paige-vanzant-fighter,8,295,51.5%,183,46.9%,78,59.1%,34,66.7%
Thomas Almeida,thomas-almeida-fighter,8,346,45.6%,219,37.1%,60,70.6%,67,81.7%
Ashlee Evans-Smith,ashlee-evans-smith-fighter,8,326,37.3%,173,25.9%,96,69.1%,57,85.1%
Carla Esparza,carla-esparza-fighter,8,243,38.4%,177,32.7%,37,72.5%,29,72.5%
Felice Herrig,felice-herrig-fighter,8,369,36.6%,225,28.8%,103,65.2%,41,59.4%
Angela Hill,angela-hill-fighter,8,624,51.2%,369,41.8%,148,68.5%,107,88.4%
Rose Namajunas,rose-namajunas-fighter,8,381,41.7%,291,37.3%,64,65.3%,26,76.5%
Bec Rawlings,bec-rawlings-fighter,8,378,42.8%,263,36.5%,67,60.9%,48,90.6%
Cody Garbrandt,cody-garbrandt-fighter,8,260,37.2%,212,34.1%,25,58.1%,23,67.6%
Elizeu Zaleski dos Santos,elizeu-zaleski-dos-santos-fighter,8,360,40.8%,240,33.7%,73,65.8%,47,81.0%
Scott Holtzman,scott-holtzman-fighter,8,453,52.2%,311,46.1%,87,67.4%,55,85.9%
Jimmie Rivera,jimmie-rivera-fighter,8,342,42.2%,184,31.5%,75,57.7%,83,87.4%
Sage Northcutt,sage-northcutt-fighter,8,267,52.4%,173,44.4%,52,74.3%,42,84.0%
Teruto Ishihara,teruto-ishihara-fighter,8,278,45.4%,155,34.5%,51,59.3%,72,92.3%
Luis Henrique,luiz-henrique-fighter,8,132,43.6%,94,36.3%,27,84.4%,11,91.7%
Karolina Kowalkiewicz,karolina-kowalkiewicz-fighter,8,605,38.6%,405,31.6%,138,69.0%,62,72.1%
Randy Brown,randy-brown-fighter,8,218,44.4%,156,39.2%,35,74.5%,27,58.7%
Curtis Blaydes,curtis-blaydes-fighter,8,306,50.4%,220,42.9%,45,91.8%,41,91.1%
Jack Hermansson,jack-hermansson-fighter,8,244,56.6%,166,52.7%,31,68.9%,47,66.2%
Niko Price,niko-price-fighter,8,104,30.0%,66,23.8%,18,46.2%,20,64.5%
Ryan Benoit,ryan-benoit-fighter,7,146,36.2%,117,36.0%,18,54.5%,11,55.0%
Magnus Cedenblad,magnus-cedenblad-fighter,7,112,51.1%,70,38.5%,25,64.1%,17,89.5%
Mitch Clarke,mitch-clarke-fighter,7,166,34.0%,82,25.4%,31,54.4%,53,59.6%
Johnny Eduardo,johnny-eduardo-fighter,7,173,38.0%,95,28.1%,15,48.4%,63,73.3%
Jimy Hettes,jimy-hettes-fighter,7,220,57.3%,177,40.1%,34,82.9%,9,81.8%
Kyung Ho Kang,kyung-ho-kang-fighter,7,188,42.6%,140,44.2%,16,50.0%,32,76.2%
Rashid Magomedov,rashid-magomedov-fighter,7,396,49.1%,212,37.1%,118,62.4%,66,78.6%
Adriano Martins,adriano-martins-fighter,7,103,44.0%,55,22.2%,11,64.7%,37,84.1%
Ian McCall,ian-mccall-fighter,7,346,41.9%,145,36.4%,110,67.9%,91,68.4%
Gilbert Melendez,gilbert-melendez-fighter,7,271,29.9%,210,43.4%,43,64.2%,18,62.1%
Cat Zingano,cat-zingano-fighter,7,178,61.6%,107,42.5%,46,76.7%,25,83.3%
Mizuto Hirota,mizuto-hirota-fighter,7,367,39.6%,264,37.4%,53,67.1%,50,87.7%
Leslie Smith,leslie-smith-fighter,7,477,40.3%,345,34.4%,73,65.2%,59,88.1%
Kajan Johnson,kajan-johnson-fighter,7,216,42.9%,111,31.5%,47,61.8%,58,77.3%
Jason Saggo,jason-saggo-fighter,7,161,39.8%,90,31.1%,25,50.0%,46,69.7%
Dhiego Lima,dhiego-lima-fighter,7,108,45.0%,93,43.3%,10,55.6%,5,71.4%
Juliana Lima,juliana-lima-fighter,7,186,44.1%,84,30.4%,49,73.1%,53,67.1%
Lauren Murphy,lauren-murphy-fighter,7,335,40.8%,226,32.8%,35,74.5%,74,88.1%
Henry Briones,henry-briones-fighter,7,178,42.7%,99,32.6%,63,69.2%,16,72.7%
Gabriel Benitez,gabriel-benitez-fighter,7,278,42.4%,153,31.1%,68,71.6%,57,82.6%
Jake Collier,jake-collier-fighter,7,261,39.5%,148,29.4%,67,67.7%,46,79.3%
Tim Johnson,timothy-johnson-fighter,7,284,45.3%,182,37.2%,49,68.1%,53,80.3%
Islam Makhachev,islam-makhachev-fighter,7,101,60.8%,79,55.2%,20,95.2%,2,100.0%
Damian Stasiak,damian-stasiak-fighter,7,137,36.3%,88,30.6%,28,43.1%,21,87.5%
Ben Nguyen,ben-nguyen-fighter,7,210,40.1%,145,33.6%,40,65.6%,25,80.6%
Darren Till,darren-till-fighter,7,216,45.8%,153,40.2%,26,63.4%,37,74.0%
Misha Cirkunov,misha-cirkunov-fighter,7,149,52.5%,109,48.7%,34,64.2%,6,85.7%
Joaquim Silva,joaquim-silva-fighter,7,235,39.0%,155,31.3%,63,72.4%,17,85.0%
Danny Roberts,danny-roberts-fighter,7,221,41.2%,138,33.0%,44,62.9%,39,81.3%
Enrique Barzola,enrique-barzola-fighter,7,317,43.6%,182,32.6%,60,70.6%,75,90.4%
Artem Lobov,artem-lobov-fighter,7,405,41.5%,203,29.0%,71,58.7%,131,84.0%
Valentina Shevchenko,valentina-shevchenko-fighter,7,416,51.3%,259,43.8%,54,64.3%,103,76.3%
Alex Morono,alex-morono-fighter,7,362,41.9%,273,37.0%,44,65.7%,45,77.6%
Marcin Tybura,marcin-tybura-fighter,7,369,52.6%,247,45.5%,59,69.4%,63,85.1%
Josh Emmett,josh-emmett-fighter,7,277,37.3%,153,26.6%,67,67.0%,57,85.1%
Chase Sherman,chase-sherman-fighter,7,446,43.9%,235,31.8%,96,70.6%,115,82.1%
Khalil Rountree Jr.,khalil-rountree-fighter,7,100,34.5%,80,31.6%,16,55.2%,4,50.0%
Max Griffin,max-griffin-fighter,7,201,43.2%,150,39.2%,25,48.1%,26,86.7%
Zak Ottow,zak-ottow-fighter,7,193,37.1%,112,28.1%,38,52.1%,43,89.6%
Darren Stewart,darren-stewart-fighter,7,169,43.7%,122,38.2%,29,76.3%,18,60.0%
Dominick Cruz,dominick-cruz-fighter,6,463,37.1%,319,30.6%,80,64.0%,64,82.1%
Todd Duffee,todd-duffee-fighter,6,92,35.7%,77,27.6%,13,72.2%,2,100.0%
Kiichi Kunimoto,kiichi-kunimoto-fighter,6,88,44.0%,42,23.6%,17,85.0%,29,82.9%
Nico Musoke,nico-musoke-fighter,6,277,35.8%,189,29.1%,59,72.8%,29,93.5%
Vinc Pichel,vinc-pichel-fighter,6,187,42.1%,85,27.7%,39,78.0%,63,76.8%
Tarec Saffiedine,tarec-saffiedine-fighter,6,360,45.9%,196,37.8%,62,80.5%,102,84.3%
Douglas Silva de Andrade,douglas-silva-de-andrade-fighter,6,263,37.0%,157,30.6%,44,58.7%,62,76.5%
Zubaira Tukhugov,zubaira-tukhugov-fighter,6,125,35.0%,98,36.7%,22,51.2%,5,83.3%
Chris Gruetzemacher,chris-gruetzemacher-fighter,6,305,58.9%,154,44.8%,82,82.0%,69,93.2%
Cris Cyborg,cristiane-justino-fighter,6,335,58.2%,200,48.3%,91,79.8%,44,91.7%
Luke Sanders,luke-sanders-fighter,6,204,51.9%,176,49.6%,22,73.3%,6,75.0%
Dominique Steele,dominique-steele-fighter,6,139,48.6%,99,43.8%,33,64.7%,7,77.8%
Michelle Waterson,michelle-waterson-fighter,6,274,62.4%,142,49.3%,86,88.7%,46,85.2%
Alexander Yakovlev,alexander-yakovlev-fighter,6,138,46.6%,68,33.8%,36,72.0%,34,75.6%
Ruslan Magomedov,ruslan-magomedov-fighter,6,181,47.9%,122,39.5%,34,85.0%,25,86.2%
Johnny Case,johnny-case-fighter,6,313,38.8%,187,30.3%,69,61.6%,57,75.0%
Sarah Moras,sarah-moras-fighter,6,116,37.2%,99,34.6%,10,58.8%,7,77.8%
Mirsad Bektic,mirsad-bektic-fighter,6,180,50.7%,149,47.6%,22,75.9%,9,69.2%
Dooho Choi,doo-ho-choi-fighter,6,153,53.3%,116,48.7%,20,74.1%,17,77.3%
Nina Ansaroff,nina-ansaroff-fighter,6,451,46.9%,256,36.2%,74,63.2%,121,88.3%
Marco Beltran,marco-beltran-fighter,6,134,37.5%,76,27.8%,29,63.0%,29,76.3%
Jessica Penne,jessica-penne-fighter,6,160,35.2%,91,26.1%,56,62.9%,13,72.2%
Sultan Aliev,sultan-aliev-fighter,6,35,51.5%,29,48.3%,5,71.4%,1,100.0%
Shamil Abdurakhimov,shamil-abdurahimov-fighter,6,171,45.7%,104,37.8%,27,61.4%,40,72.7%
Joe Duffy,joseph-duffy-fighter,6,139,34.5%,96,27.8%,28,68.3%,15,88.2%
Maryna Moroz,maryna-moroz-fighter,6,241,24.9%,150,18.3%,72,59.5%,19,65.5%
Tom Breese,tom-breese-fighter,6,166,49.8%,111,43.5%,44,67.7%,11,84.6%
Arnold Allen,arnold-allen-fighter,6,115,33.8%,88,30.1%,21,55.3%,6,60.0%
Lyman Good,lymon-good-fighter,6,144,49.1%,108,43.2%,24,82.8%,12,85.7%
Andrew Holbrook,andrew-holbrook-fighter,6,78,49.4%,47,40.9%,23,69.7%,8,80.0%
David Teymur,david-teymur-fighter,6,273,42.7%,118,27.6%,55,57.3%,100,86.2%
Kyle Bochniak,kyle-bochniak-fighter,6,234,32.1%,155,25.7%,30,50.8%,49,75.4%
Mickey Gall,mickey-gall-fighter,6,38,52.8%,37,53.6%,0,0.0%,1,50.0%
Bojan Velickovic,bojan-velickovic-fighter,6,195,34.8%,93,23.5%,29,53.7%,73,65.8%
Alessio Di Chirico,alessio-di-chirico-fighter,6,183,41.7%,126,35.5%,38,64.4%,19,76.0%
Thibault Gouti,thibault-gouti-fighter,6,180,34.5%,140,30.8%,22,55.0%,18,66.7%
Damien Brown,damien-brown-fighter,6,242,38.6%,159,31.2%,38,58.5%,45,84.9%
Ion Cutelaba,ion-cutelaba-fighter,6,213,35.3%,143,28.0%,51,68.9%,19,95.0%
Henrique da Silva,luiz-henrique-da-silva-fighter,6,184,56.4%,105,46.3%,63,80.8%,16,76.2%
Devin Clark,devin-clark-fighter,6,213,58.2%,135,50.4%,43,75.4%,35,85.4%
Matthew Lopez,matthew-lopez-fighter,6,212,51.0%,141,43.8%,48,69.6%,23,92.0%
Eric Spicely,eric-spicely-fighter,6,62,40.8%,53,39.0%,4,36.4%,5,100.0%
Lando Vannata,landon-vannata-fighter,6,347,42.7%,188,33.0%,79,56.8%,80,76.9%
Katlyn Chookagian,katlyn-chookagian-fighter,6,367,31.0%,223,22.9%,80,60.2%,64,84.2%
Amanda Cooper,amanda-cooper-fighter,6,174,44.2%,134,39.0%,23,74.2%,17,89.5%
Jeremy Kennedy,jeremy-kennedy-fighter,6,122,46.2%,97,42.5%,16,64.0%,9,81.8%
Lina Lansberg,lina-lansberg-fighter,6,218,55.5%,82,35.0%,111,85.4%,25,86.2%
Alexa Grasso,alexa-grasso-fighter,6,215,42.6%,119,31.6%,44,67.7%,52,82.5%
Albert Morales,albert-morales-fighter,6,278,34.5%,163,25.3%,28,66.7%,87,73.7%
Rick Glenn,rick-glenn-fighter,6,388,42.4%,246,35.4%,98,61.3%,44,72.1%
Marc Diakiese,marc-diakiese-fighter,6,171,32.7%,92,22.9%,50,68.5%,29,59.2%
Mark Godbeer,mark-godbeer-fighter,6,124,53.9%,65,42.2%,42,77.8%,17,77.3%
Alexander Volkanovski,alex-volkanovski-fighter,6,378,63.7%,271,58.0%,43,82.7%,64,86.5%
Tyson Pedro,tyson-pedro-fighter,6,110,62.9%,62,56.9%,26,78.8%,22,66.7%
Gerald Meerschaert,gerald-meerschaert-fighter,6,120,46.2%,101,43.0%,16,72.7%,3,100.0%
Volkan Oezdemir,volkan-oezdemir-fighter,6,214,48.9%,137,40.4%,39,73.6%,38,82.6%
Cynthia Calvillo,cynthia-calvillo-fighter,6,177,38.6%,92,28.1%,60,73.2%,25,50.0%
Brian Kelleher,brian-kelleher-fighter,6,235,45.4%,173,41.2%,31,53.4%,31,77.5%
Eryk Anders,eryk-anders-fighter,6,278,50.5%,215,45.8%,58,77.3%,5,71.4%
Tae Hyun Bang,tae-hyun-bang-fighter,5,166,38.3%,141,37.7%,17,56.7%,8,66.7%
Claudio Silva,claudio-silva-fighter,5,88,45.6%,52,38.5%,19,76.0%,17,63.0%
Antonio Braga Neto,antonio-braga-neto-fighter,5,40,33.3%,30,22.9%,6,60.0%,4,66.7%
Julianna Pena,julianna-pena-fighter,5,143,52.4%,96,52.7%,36,76.6%,11,84.6%
Norifumi Yamamoto,norifumi-yamamoto-fighter,5,71,37.2%,50,30.7%,12,63.2%,9,100.0%
Steve Bosse,steve-bosse-fighter,5,98,53.0%,79,49.7%,13,76.5%,6,66.7%
Patrick Williams,patrick-williams-fighter,5,114,51.6%,43,32.3%,28,70.0%,43,89.6%
Shinsho Anzai,shinsho-anzai-fighter,5,106,58.2%,74,54.4%,23,76.7%,9,56.3%
Joby Sanchez,joby-sanchez-fighter,5,189,32.6%,142,27.8%,44,68.8%,3,60.0%
Charles Rosa,charles-rosa-fighter,5,276,36.1%,170,29.0%,32,43.8%,74,69.8%
Christos Giagos,christos-giagos-fighter,5,99,32.9%,74,28.4%,21,60.0%,4,80.0%
Guido Cannetti,guido-cannetti-fighter,5,135,52.3%,63,38.4%,50,73.5%,22,84.6%
Jose Quinonez,jose-quinonez-fighter,5,204,44.8%,119,35.2%,41,61.2%,44,88.0%
Alex Chambers,alex-chambers-fighter,5,135,54.0%,78,48.1%,29,69.0%,28,60.9%
Makwan Amirkhani,makwan-amirkhani-fighter,5,82,49.7%,77,49.4%,4,50.0%,1,100.0%
Jessica Aguilar,jessica-aguilar-fighter,5,264,52.2%,145,38.8%,61,83.6%,58,98.3%
Justine Kish,justine-kish-fighter,5,259,50.1%,133,39.5%,61,65.6%,65,74.7%
Alvaro Herrera,alvaro-herrera-fighter,5,25,38.5%,17,30.4%,7,87.5%,1,100.0%
Polo Reyes,marco-polo-reyes-fighter,5,229,39.7%,149,32.3%,57,69.5%,23,67.6%
Dong Hyun Kim,dong-hyun-kim-2-fighter,5,203,45.7%,143,39.7%,28,57.1%,32,91.4%
Cyril Asker,cyril-asker-fighter,5,57,39.0%,51,37.5%,6,60.0%,0,-
Luan Chagas,luan-chagas-fighter,5,193,47.1%,129,41.0%,23,48.9%,41,85.4%
Jordan Rinaldi,jordan-rinaldi-fighter,5,51,40.5%,34,35.1%,5,35.7%,12,80.0%
Emil Meek,emil-weber-meek-fighter,5,101,38.1%,65,30.5%,25,67.6%,11,73.3%
Marvin Vettori,marvin-vettori-fighter,5,220,39.3%,157,32.4%,25,78.1%,38,86.4%
Justin Ledet,justin-ledet-fighter,5,164,41.7%,161,41.6%,3,75.0%,0,0.0%
Andrew Sanchez,andrew-sanchez-fighter,5,337,48.6%,259,44.1%,54,71.1%,24,80.0%
Tatiana Suarez,tatiana-suarez-fighter,5,171,73.7%,125,69.8%,30,85.7%,16,88.9%
Hector Sandoval,hector-sandoval-fighter,5,71,52.2%,40,40.8%,22,81.5%,9,81.8%
Danielle Taylor,danielle-taylor-fighter,5,206,29.5%,130,22.2%,32,60.4%,44,73.3%
Gregor Gillespie,gregor-gillespie-fighter,5,116,48.5%,103,46.4%,3,42.9%,10,100.0%
Brandon Moreno,brandon-moreno-fighter,5,176,33.8%,114,26.3%,28,66.7%,34,73.9%
Alexander Volkov,alexander-volkov-fighter,5,471,60.4%,311,53.8%,93,79.5%,67,78.8%
Jack Marshman,jack-marshman-fighter,5,145,31.0%,106,27.2%,22,46.8%,17,56.7%
Paul Craig,paul-craig-fighter,5,90,51.7%,33,32.4%,34,79.1%,23,79.3%
Brett Johns,brett-johns-fighter,5,206,45.8%,182,44.1%,19,65.5%,5,62.5%
Abdul Razak Alhassan,abdul-razak-alhassan-fighter,5,110,46.6%,93,44.1%,8,72.7%,9,64.3%
Shane Burgos,shane-burgos-fighter,5,358,46.9%,263,41.7%,58,65.2%,37,86.0%
Drakkar Klose,drakkar-klose-fighter,5,259,50.0%,116,33.5%,78,85.7%,65,80.2%
Alexandre Pantoja,alexandre-pantoja-fighter,5,258,46.9%,158,38.9%,56,64.4%,44,77.2%
Eric Shelton,eric-shelton-fighter,5,206,44.6%,165,40.0%,30,83.3%,11,84.6%
Desmond Green,desmond-green-fighter,5,241,42.3%,159,35.5%,41,57.7%,41,80.4%
Andre Soukhamthath,andre-soukhamthath-fighter,5,213,45.3%,103,30.9%,77,79.4%,33,82.5%
Lucie Pudilova,lucie-pudilova-fighter,5,332,39.7%,270,36.5%,40,64.5%,22,64.7%
Marlon Moraes,marlon-moraes-fighter,5,103,33.9%,48,21.2%,30,68.2%,25,73.5%
Humberto Bandenay,humberto-bandenay-fighter,5,37,39.4%,16,24.6%,11,68.8%,10,76.9%
Zabit Magomedsharipov,zabit-magomedsharipov-fighter,5,214,52.8%,163,48.4%,24,70.6%,27,79.4%
Alex Perez,alex-perez-fighter,5,164,46.2%,108,38.4%,28,68.3%,28,84.8%
Israel Adesanya,israel-adesanya-fighter,5,241,55.3%,136,44.2%,48,82.8%,57,81.4%
Davey Grant,davey-grant-fighter,4,130,53.5%,74,39.8%,36,70.6%,20,76.9%
Marcelo Guimaraes,marcelo-guimaraes-fighter,4,211,52.0%,63,31.0%,36,64.3%,112,87.5%
Pascal Krauss,pascal-krauss-fighter,4,267,47.6%,172,73.8%,46,75.4%,49,94.2%
Alberto Mina,alberto-mina-fighter,4,131,39.0%,93,33.3%,13,50.0%,25,80.6%
Roxanne Modafferi,roxanne-modafferi-fighter,4,253,29.9%,211,32.9%,25,49.0%,17,81.0%
Tiequan Zhang,tiequan-zhang-fighter,4,52,36.9%,42,47.7%,2,66.7%,8,66.7%
Will Brooks,will-brooks-fighter,4,149,59.6%,81,46.8%,45,86.5%,23,92.0%
Sheldon Westcott,sheldon-westcott-fighter,4,63,40.6%,48,38.7%,13,46.4%,2,66.7%
Diego Rivas,diego-rivas-fighter,4,69,40.4%,36,31.0%,15,45.5%,18,81.8%
Frankie Perez,frankie-perez-fighter,4,70,41.7%,27,24.3%,16,61.5%,27,87.1%
Bartosz Fabinski,bartosz-fabinski-fighter,4,102,70.3%,63,60.6%,28,93.3%,11,100.0%
Jonathan Wilson,jonathan-wilson-fighter,4,117,48.1%,87,41.6%,21,87.5%,9,90.0%
Teemu Packalen,teemu-packalen-fighter,4,42,57.5%,34,52.3%,7,100.0%,1,100.0%
Chris de la Rocha,chris-de-la-rocha-fighter,4,121,45.7%,92,39.7%,22,88.0%,7,87.5%
Matheus Nicolau,matheus-nicolau-fighter,4,181,51.7%,93,41.0%,60,65.2%,28,90.3%
Alex Nicholson,alex-nicholson-fighter,4,117,43.7%,67,33.3%,23,63.9%,27,87.1%
Augusto Mendes,augusto-mendes-fighter,4,83,34.9%,54,27.8%,13,65.0%,16,66.7%
Bojan Mihajlovic,bojan-mihajlovic-fighter,4,26,35.6%,7,15.6%,9,64.3%,10,71.4%
Damir Hadzovic,damir-hadzovic-fighter,4,116,45.8%,74,36.5%,30,78.9%,12,100.0%
Adam Milstead,adam-milstead-fighter,4,127,46.9%,105,42.9%,13,76.5%,9,100.0%
Darrell Horcher,darrell-horcher-fighter,4,89,44.7%,68,39.5%,13,72.2%,8,88.9%
Christian Colombo,christian-colombo-fighter,4,81,44.8%,51,35.2%,21,77.8%,9,100.0%
Ryan Janes,ryan-janes-fighter,4,327,48.2%,237,41.9%,68,77.3%,22,91.7%
Ketlen Vieira,ketlen-vieira-fighter,4,142,37.0%,115,32.6%,18,81.8%,9,100.0%
Joachim Christensen,joachim-christensen-fighter,4,93,41.3%,68,35.1%,19,86.4%,6,66.7%
Marcin Held,marcin-held-fighter,4,103,32.7%,97,32.4%,4,33.3%,2,50.0%
Jenel Lausa,jenel-lausa-fighter,4,78,42.4%,68,41.0%,7,50.0%,3,75.0%
Poliana Botelho,poliana-botelho-fighter,4,82,59.4%,52,54.2%,21,67.7%,9,81.8%
Viviane Pereira,viviane-pereira-fighter,4,162,30.0%,122,26.3%,28,44.4%,12,85.7%
Devin Powell,devin-powell-fighter,4,135,41.7%,43,22.5%,35,62.5%,57,74.0%
Irene Aldana,irene-aldana-fighter,4,381,43.5%,268,37.7%,38,62.3%,75,72.1%
Ashley Yoder,ashley-yoder-fighter,4,160,35.1%,101,28.2%,44,55.0%,15,83.3%
Matt Schnell,matt-schnell-fighter,4,139,35.1%,84,27.0%,12,42.9%,43,75.4%
JJ Aldrich,jj-aldrich-fighter,4,223,39.9%,167,34.6%,33,66.0%,23,85.2%
John Phillips,john-phillips-fighter,4,51,32.9%,21,19.3%,16,55.2%,14,82.4%
Ricardo Ramos,ricardo-ramos-fighter,4,141,43.0%,97,38.0%,23,56.1%,21,65.6%
Jordan Johnson,jordan-johnson-fighter,4,175,47.7%,152,45.4%,13,68.4%,10,76.9%
Jeremy Kimball,jeremy-kimball-fighter,4,30,46.9%,21,38.9%,2,100.0%,7,87.5%
Jarred Brooks,jarred-brooks-fighter,4,112,46.1%,73,37.2%,32,86.5%,7,70.0%
Justin Willis,justin-willis-fighter,4,209,60.2%,174,57.8%,19,73.1%,16,80.0%
Paulo Costa,paulo-borrachinha-fighter,4,189,59.4%,106,48.2%,77,84.6%,6,85.7%
Davi Ramos,davi-ramos-fighter,4,100,38.0%,78,34.4%,13,50.0%,9,90.0%
Deiveson Figueiredo,deiveson-alcantara-fighter,4,96,54.9%,64,49.6%,31,68.9%,1,100.0%
Ashkan Mokhtarian,ashkan-mokhtarian-fighter,4,54,43.5%,22,26.8%,13,65.0%,19,86.4%
Tom Duquesnoy,tom-duquesnoy-fighter,4,136,45.3%,66,31.0%,30,65.2%,40,97.6%
Jared Gordon,jared-gordon-fighter,4,292,53.9%,248,52.1%,24,58.5%,20,80.0%
Rashad Coulter,rashad-coulter-fighter,4,174,55.1%,140,49.8%,26,96.3%,8,100.0%
Justin Gaethje,justin-gaethje-fighter,4,348,54.5%,190,41.8%,33,82.5%,125,87.4%
Junior Albini,junior-albini-fighter,4,79,50.6%,53,43.4%,17,70.8%,9,90.0%
Ji Yeon Kim,ji-yeon-kim-fighter,4,234,31.4%,166,25.2%,41,69.5%,27,93.1%
Rolando Dy,rolando-dy-fighter,4,151,37.7%,91,29.6%,43,61.4%,17,70.8%
Frank Camacho,frank-camacho-fighter,4,320,45.8%,261,41.8%,56,78.9%,3,100.0%
Dominick Reyes,dominick-reyes-fighter,4,143,60.1%,78,49.4%,30,69.8%,35,94.6%
Cody Stamann,cody-stamann-fighter,4,267,49.7%,176,42.3%,60,75.9%,31,73.8%
Terrion Ware,terrion-ware-fighter,4,241,32.5%,165,26.2%,47,68.1%,29,69.0%
Calvin Kattar,calvin-kattar-fighter,4,225,41.5%,186,38.0%,19,65.5%,20,83.3%
Brandon Davis,brandon-davis-fighter,4,208,37.6%,128,29.2%,28,57.1%,52,80.0%
Julio Arce,julio-arce-fighter,4,223,36.0%,167,31.5%,48,60.8%,8,72.7%
Tai Tuivasa,tai-tuivasa-fighter,4,130,52.2%,91,44.8%,27,87.1%,12,80.0%
Markus Perez,markus-perez-fighter,4,88,47.3%,37,30.6%,44,78.6%,7,77.8%
Alexandra Albu,alexandra-albu-fighter,3,124,51.0%,94,46.5%,24,68.6%,6,100.0%
Nathan Coy,nathan-coy-fighter,3,71,39.4%,46,31.5%,19,76.0%,6,66.7%
Kurt Holobaugh,kurt-holobaugh-fighter,3,164,44.4%,115,39.5%,27,79.4%,22,71.0%
Sabah Homasi,sabah-homasi-fighter,3,80,48.5%,51,38.9%,21,84.0%,8,88.9%
Keith Berish,keith-berish-fighter,3,61,36.3%,39,28.7%,6,46.2%,16,84.2%
Heather Jo Clark,heather-clark-fighter,3,166,49.1%,96,40.0%,48,66.7%,22,84.6%
Mickael Lebout,mickael-lebout-fighter,3,117,34.9%,77,27.5%,16,61.5%,24,82.8%
Magomed Mustafaev,magomed-mustafaev-fighter,3,56,54.9%,37,48.1%,15,71.4%,4,100.0%
Ryan Hall,ryan-hall-fighter,3,69,43.7%,29,42.0%,20,32.8%,20,71.4%
Julian Erosa,julian-erosa-fighter,3,81,50.9%,36,35.3%,38,79.2%,7,77.8%
Damian Grabowski,damian-grabowski-fighter,3,70,36.1%,42,27.1%,15,78.9%,13,65.0%
Jessin Ayari,jessin-ayari-fighter,3,161,38.2%,118,32.7%,20,58.8%,23,85.2%
Jonathan Meunier,jonathan-meunier-fighter,3,90,50.6%,49,42.2%,14,60.9%,27,69.2%
Josh Stansbury,josh-stansbury-fighter,3,101,54.6%,69,46.9%,17,73.9%,15,100.0%
Felipe Silva,felipe-silva-fighter,3,81,50.0%,54,42.9%,16,69.6%,11,84.6%
Jimmy Wallhead,jim-wallhead-fighter,3,79,26.8%,55,21.2%,12,57.1%,12,80.0%
Jason Gonzalez,jason-gonzalez-fighter,3,36,39.6%,26,34.2%,7,63.6%,3,75.0%
Veronica Macedo,veronica-macedo-fighter,3,47,41.2%,30,34.5%,10,62.5%,7,63.6%
Jamie Moyle,jamie-moyle-fighter,3,203,51.5%,97,37.0%,63,74.1%,43,91.5%
Charlie Ward,charlie-ward-fighter,3,5,19.2%,4,17.4%,1,50.0%,0,0.0%
Gadzhimurad Antigulov,gadzhimurad-antigulov-fighter,3,14,53.8%,9,42.9%,3,100.0%,2,100.0%
Martin Bravo,martin-bravo-fighter,3,135,37.5%,101,33.4%,25,64.1%,9,47.4%
Claudio Puelles,claudio-puelles-fighter,3,45,38.5%,25,27.8%,15,68.2%,5,100.0%
Brian Camozzi,brian-camozzi-fighter,3,65,26.4%,35,17.0%,11,68.8%,19,79.2%
Dmitry Sosnovskiy,dmitry-sosnovskiy-fighter,3,28,70.0%,22,68.8%,5,71.4%,1,100.0%
Marcel Fortuna,marcel-fortuna-fighter,3,127,46.5%,88,39.8%,26,74.3%,13,76.5%
Gavin Tucker,gavin-tucker-fighter,3,78,31.8%,39,20.6%,17,51.5%,22,95.7%
Gina Mazany,gina-mazany-fighter,3,76,48.7%,33,33.3%,29,74.4%,14,77.8%
Daniel Spitz,daniel-spitz-fighter,3,73,39.7%,39,28.9%,18,60.0%,16,84.2%
Magomed Bibulatov,magomed-bibulatov-fighter,3,56,44.8%,38,40.0%,12,54.5%,6,75.0%
Luke Jumeau,luke-jumeau-fighter,3,152,49.4%,91,39.7%,27,62.8%,34,94.4%
Adam Wieczorek,adam-wieczorek-fighter,3,62,38.8%,28,24.1%,21,75.0%,13,81.3%
Megan Anderson,megan-anderson-fighter,3,26,44.8%,15,35.7%,11,68.8%,0,-
Charles Byrd,charles-byrd-fighter,3,78,60.0%,69,58.0%,4,80.0%,5,83.3%
Aleksandar Rakic,aleksandar-rakic-fighter,3,181,53.4%,122,46.9%,25,80.6%,34,70.8%
Joseph Morales,joseph-morales-fighter,3,45,37.2%,31,30.4%,10,76.9%,4,66.7%
Roberto Sanchez,robert-sanchez-fighter,3,20,40.8%,13,35.1%,6,60.0%,1,50.0%
Gokhan Saki,gokhan-saki-fighter,3,45,58.4%,37,55.2%,2,50.0%,6,100.0%
Syuri Kondo,syuri-kondo-fighter,3,223,43.9%,160,37.6%,38,70.4%,25,89.3%
Arjan Bhullar,arjan-bhullar-fighter,3,80,52.6%,72,50.7%,5,83.3%,3,75.0%
Daichi Abe,daichi-abe-fighter,3,171,33.7%,102,25.2%,12,44.4%,57,74.0%
Dan Ige,dan-ige-fighter,3,116,47.0%,86,43.0%,13,52.0%,17,77.3%
Geoff Neal,geoff-neal-fighter,3,73,54.9%,67,53.2%,4,80.0%,2,100.0%
Karl Roberson,karl-roberson-fighter,3,55,55.0%,39,48.8%,11,78.6%,5,83.3%
Austin Arnett,austin-arnett-fighter,3,129,47.1%,94,42.0%,34,70.8%,1,50.0%
Mike Rodriguez,mike-rodriguez-fighter,3,82,64.1%,45,59.2%,29,82.9%,8,47.1%
Ricky Simon,ricky-simon-fighter,3,107,41.8%,70,34.3%,22,59.5%,15,100.0%
Ramazan Emeev,ramazan-emeev-fighter,3,113,47.3%,78,40.8%,25,67.6%,10,90.9%
Oskar Piechota,oskar-piechota-fighter,3,96,57.1%,70,51.5%,13,72.2%,13,92.9%
Mads Burnell,mads-burnell-fighter,3,50,41.7%,37,36.6%,8,66.7%,5,71.4%
Benito Lopez,benito-lopez-fighter,3,78,41.7%,55,38.2%,15,48.4%,8,66.7%
Mike Santiago,mike-santiago-fighter,3,75,51.0%,40,41.2%,18,64.3%,17,77.3%
Talita Bernardo,talita-bernardo-fighter,3,128,46.2%,78,35.1%,16,88.9%,34,91.9%
Allen Crowder,allen-crowder-fighter,3,15,39.5%,6,20.7%,1,100.0%,8,100.0%
Jodie Esquibel,jodie-esquibel-fighter,3,146,40.0%,91,34.0%,44,51.2%,11,100.0%
Yan Xiaonan,xiaonan-yan-fighter,3,317,41.2%,237,37.0%,16,57.1%,64,64.0%
Mara Romero Borella,mara-romero-borella-fighter,3,82,38.0%,48,27.6%,3,50.0%,31,86.1%
Kalindra Faria,kalindra-faria-fighter,3,51,56.0%,38,51.4%,9,75.0%,4,80.0%
Nadia Kassem,nadia-kassem-fighter,3,52,49.5%,25,38.5%,17,63.0%,10,76.9%
Nasrat Haqparast,nasrat-haqparast-fighter,3,244,46.1%,195,42.4%,32,65.3%,17,85.0%
Sheymon Moraes,sheymon-moraes-fighter,3,123,40.3%,60,28.2%,56,68.3%,7,70.0%
Marcelo Golm,marcelo-golm-fighter,3,137,60.1%,89,50.9%,24,85.7%,24,96.0%
Salim Touahri,salim-touahri-fighter,3,69,45.1%,26,28.6%,38,66.7%,5,100.0%
Merab Dvalishvili,merab-dvalishvili-fighter,3,170,34.5%,127,29.4%,23,63.9%,20,80.0%
Jessica-Rose Clark,jessica-rose-clark-fighter,3,207,50.4%,127,41.2%,41,69.5%,39,88.6%
Liu Pingyuan,pingyuan-liu-fighter,3,87,41.4%,62,35.4%,17,63.0%,8,100.0%
Song Kenan,kenan-song-fighter,3,107,45.1%,66,38.2%,17,53.1%,24,75.0%
Song Yadong,song-yadong-fighter,3,126,41.9%,87,36.1%,21,61.8%,18,69.2%
Sijara Eubanks,sijara-eubanks-fighter,3,132,34.0%,95,28.3%,22,61.1%,15,93.8%
Montana De La Rosa,montana-de-la-rosa-fighter,3,62,37.3%,49,33.3%,9,60.0%,4,100.0%
Rachael Ostovich,rachael-ostovich-fighter,3,43,39.4%,24,30.4%,15,65.2%,4,57.1%
Shana Dobson,shana-dobson-fighter,3,102,33.9%,53,23.2%,32,61.5%,17,81.0%
Gillian Robertson,gillian-robertson-fighter,3,30,40.5%,28,38.9%,1,100.0%,1,100.0%
Emily Whitmire,emily-whitmire-fighter,3,62,31.3%,40,23.3%,9,69.2%,13,100.0%
Magomed Ankalaev,magomed-ankalaev-fighter,3,71,57.7%,46,48.4%,20,90.9%,5,83.3%
Mark De La Rosa,mark-de-la-rosa-fighter,3,93,43.3%,54,32.0%,19,86.4%,20,83.3%
Yana Kunitskaya,yana-kunitskaya-fighter,3,77,63.1%,28,48.3%,31,75.6%,18,78.3%
Curtis Millender,curtis-millender-fighter,3,85,42.5%,54,34.6%,17,68.0%,14,73.7%
Hakeem Dawodu,hakeem-dawodu-fighter,3,181,47.0%,80,31.4%,43,65.2%,58,90.6%
Manny Bermudez,manny-bermudez-fighter,3,15,45.5%,15,45.5%,0,-,0,-
Alexander Hernandez,alexander-hernandez-fighter,3,47,50.0%,29,44.6%,18,66.7%,0,0.0%
Petr Yan,petr-yan-fighter,3,125,46.0%,105,42.3%,17,81.0%,3,100.0%
Zhang Weili,weili-zhang-fighter,3,122,48.4%,67,43.2%,22,57.9%,33,55.9%
Joe Ellenberger,joe-ellenberger-fighter,2,46,47.4%,30,38.0%,12,85.7%,4,100.0%
Chris Holdsworth,chris-holdsworth-fighter,2,41,29.7%,27,25.5%,9,47.4%,5,83.3%
Tonya Evinger,tonya-evinger-fighter,2,41,40.6%,15,24.6%,15,62.5%,11,68.8%
Jesse Taylor,jesse-taylor-fighter,2,25,67.6%,23,65.7%,1,100.0%,1,100.0%
Larissa Pacheco,larissa-pacheco-fighter,2,14,19.2%,9,15.0%,2,40.0%,3,37.5%
Justin Jones,justin-jones-fighter,2,51,36.2%,24,22.6%,12,75.0%,15,78.9%
Daniel Jolly,daniel-jolly-fighter,2,6,35.3%,1,14.3%,4,100.0%,1,16.7%
Abdul-Kerim Edilov,abdul-kerim-edilov-fighter,2,77,61.6%,59,56.2%,16,94.1%,2,66.7%
Jarjis Danho,jarjis-danho-fighter,2,90,48.4%,68,43.9%,20,74.1%,2,50.0%
Mike Jackson,mike-jackson-fighter,2,67,58.8%,57,57.0%,10,76.9%,0,0.0%
Alberto Uda,alberto-uda-fighter,2,19,52.8%,15,55.6%,4,66.7%,0,0.0%
Dmitrii Smoliakov,dmitry-smolyakov-fighter,2,19,43.2%,10,32.3%,7,70.0%,2,66.7%
CM Punk,cm-punk-fighter,2,19,23.2%,10,15.6%,7,53.8%,2,40.0%
Michael McBride,michael-mcbride-fighter,2,99,48.8%,60,40.3%,20,62.5%,19,86.4%
Kwan Ho Kwak,kwan-ho-kwak-fighter,2,63,41.4%,40,33.6%,12,63.2%,11,78.6%
Saparbeg Safarov,saparbeg-safarov-fighter,2,45,29.4%,36,25.7%,7,63.6%,2,100.0%
Aiemann Zahabi,aiemann-zahabi-fighter,2,90,41.5%,77,38.9%,11,64.7%,2,100.0%
Michel Quinones,michel-quinones-fighter,2,71,29.7%,19,12.0%,13,39.4%,39,81.3%
Pearl Gonzalez,pearl-gonzalez-fighter,2,64,37.6%,32,25.0%,7,70.0%,25,78.1%
Naoki Inoue,naoki-inoue-fighter,2,110,35.3%,82,30.7%,4,57.1%,24,63.2%
Aspen Ladd,aspen-ladd-fighter,2,76,57.1%,62,53.4%,14,82.4%,0,-
Oliver Enkamp,oliver-enkamp-fighter,2,41,36.3%,16,22.2%,15,60.0%,10,62.5%
Chanmi Jeon,chan-mi-jeon-fighter,2,187,31.7%,120,24.9%,27,47.4%,40,78.4%
Matt Bessette,matt-bessette-fighter,2,100,34.8%,69,29.5%,27,58.7%,4,57.1%
Trevin Giles,trevin-giles-fighter,2,111,66.9%,96,64.4%,12,85.7%,3,100.0%
James Bochnovic,james-bochnovic-fighter,2,8,26.7%,2,9.1%,4,66.7%,2,100.0%
Danny Henry,danny-henry-fighter,2,95,53.1%,71,49.7%,18,60.0%,6,100.0%
Daniel Teymur,daniel-teymur-fighter,2,106,45.9%,49,33.6%,12,80.0%,45,64.3%
Sean O'Malley,sean-omalley-fighter,2,204,56.2%,160,52.1%,35,74.5%,9,100.0%
Abu Azaitar,abu-azaitar-fighter,2,48,37.5%,33,30.3%,11,73.3%,4,100.0%
Ryan Spann,ryan-spann-fighter,2,46,47.4%,38,43.2%,8,100.0%,0,0.0%
Julian Marquez,julian-marquez-fighter,2,79,37.4%,57,31.7%,19,76.0%,3,50.0%
Martin Day,martin-day-fighter,2,168,49.1%,93,39.1%,57,67.1%,18,94.7%
Steven Peterson,steven-peterson-fighter,2,147,31.9%,99,24.9%,31,75.6%,17,77.3%
Rob Wilkinson,rob-wilkinson-fighter,2,46,50.0%,17,32.7%,9,56.3%,20,83.3%
Matt Frevola,matt-frevola-fighter,2,75,36.4%,48,30.0%,14,46.7%,13,81.3%
Lauren Mueller,lauren-mueller-fighter,2,75,37.7%,40,26.7%,27,69.2%,8,80.0%
Wu Yanan,yanan-wu-fighter,2,40,46.0%,15,28.8%,13,68.4%,12,75.0%
Raoni Barcelos,raoni-barcelos-fighter,2,117,56.0%,109,55.1%,5,71.4%,3,75.0%
Muslim Salikhov,muslim-salikhov-fighter,2,35,46.7%,14,29.2%,11,68.8%,10,90.9%
Bharat Kandare,bharat-khandare-fighter,2,3,10.0%,1,4.5%,0,-,2,25.0%
Wuliji Buren,wuliji-buren-fighter,2,48,39.7%,27,32.5%,12,48.0%,9,69.2%
Shane Young,shane-young-fighter,2,122,41.2%,85,34.0%,25,78.1%,12,85.7%
Hu Yaozong,hu-yaozong-fighter,2,100,52.1%,39,34.2%,24,82.8%,37,75.5%
Barb Honchak,barb-honchak-fighter,2,95,30.1%,78,26.7%,4,44.4%,13,86.7%
Melinda Fabian,melinda-fabian-fighter,2,121,41.7%,73,32.4%,23,67.6%,25,80.6%
Marcin Prachnio,marcin-prachnio-fighter,2,18,39.1%,4,16.0%,4,44.4%,10,83.3%
Maia Stevenson,maia-stevenson-fighter,2,6,54.5%,1,16.7%,3,100.0%,2,100.0%
Polyana Viana,polyana-viana-fighter,2,58,39.5%,35,31.0%,16,61.5%,7,87.5%
Livinha Souza,livinha-souza-fighter,2,10,55.6%,7,50.0%,1,100.0%,2,66.7%
Mackenzie Dern,mackenzie-dern-fighter,2,85,48.6%,53,37.6%,15,88.2%,17,100.0%
Cory Sandhagen,cory-sandhagen-fighter,2,146,56.2%,112,51.9%,23,71.9%,11,91.7%
Tim Williams,tim-williams-fighter,2,51,38.9%,33,32.7%,5,38.5%,13,76.5%
Nad Narimani,nad-narimani-fighter,2,129,50.6%,100,46.3%,14,63.6%,15,88.2%
Ricky Rainey,ricky-rainey-fighter,2,25,44.6%,12,32.4%,6,75.0%,7,63.6%
Nathaniel Wood,nathaniel-wood-fighter,2,33,34.0%,20,27.4%,3,42.9%,10,58.8%
Said Nurmagomedov,said-nurmagomedov-fighter,2,65,57.5%,40,48.2%,13,81.3%,12,85.7%
Darko Stosic,darko-stosic-fighter,2,9,56.3%,8,66.7%,0,0.0%,1,50.0%
Hector Aldana,hector-aldana-fighter,2,108,41.5%,62,31.8%,13,59.1%,33,76.7%
Craig White,craig-white-fighter,2,24,40.7%,17,34.7%,4,80.0%,3,60.0%
Carlo Pedersoli,carlo-pedersoli-fighter,2,69,37.7%,39,28.1%,23,63.9%,7,87.5%
Chance Rencountre,chance-rencountre-fighter,2,16,13.0%,8,7.8%,3,21.4%,5,71.4%
Jose Torres,jose-torres-fighter,2,51,37.0%,36,30.5%,12,70.6%,3,100.0%
Luis Pena,luis-pena-fighter,2,31,28.7%,20,22.2%,9,56.3%,2,100.0%
Elias Garcia,elias-garcia-fighter,2,35,27.6%,19,18.4%,4,50.0%,12,75.0%
John Gunther,john-gunther-fighter,2,28,37.8%,22,34.9%,2,33.3%,4,80.0%
Michael Trizano,michael-trizano-fighter,2,93,54.4%,34,36.2%,17,50.0%,42,97.7%
Brad Katona,brad-katona-fighter,2,147,54.6%,82,45.6%,20,51.3%,45,90.0%
David Zawada,david-zawada-fighter,2,106,42.7%,73,34.8%,29,85.3%,4,100.0%
Kevin Holland,kevin-holland-fighter,2,154,63.6%,94,56.0%,39,76.5%,21,91.3%
Montel Jackson,montel-jackson-fighter,2,42,44.7%,27,35.5%,13,86.7%,2,66.7%
Andre Ewell,andre-ewell-fighter,2,53,43.1%,41,39.4%,11,68.8%,1,33.3%
Aleksei Kunchenko,alexei-kunchenko-fighter,2,116,41.1%,76,33.5%,16,69.6%,24,75.0%
Marina Rodriguez,marina-rodriguez-fighter,2,60,42.3%,26,26.3%,13,72.2%,21,84.0%
Daniel Spohn,daniel-spohn-fighter,1,24,47.1%,20,43.5%,1,100.0%,3,75.0%
Tina Lahdemaki,tina-lahdemaki-fighter,1,29,20.6%,21,17.1%,5,41.7%,3,50.0%
Martin Buschkamp,martin-buschkamp-fighter,1,0,-,0,-,0,-,0,-
Cindy Dandois,cindy-dandois-fighter,1,47,32.2%,34,27.2%,6,75.0%,7,53.8%
James Mulheron,james-mulheron-fighter,1,36,31.6%,15,17.6%,18,72.0%,3,75.0%
Amanda Lemos,amanda-lemos-fighter,1,68,64.2%,43,56.6%,14,73.7%,11,100.0%
Zu Anyanwu,zu-anyanwu-fighter,1,37,44.0%,28,46.7%,9,37.5%,0,-
Boston Salmon,boston-salmon-fighter,1,0,-,0,-,0,-,0,-
Nick Roehrick,nick-roehrick-fighter,1,28,17.5%,22,15.6%,6,31.6%,0,-
Tom Gallicchio,tom-gallicchio-fighter,1,53,26.5%,24,15.2%,17,56.7%,12,100.0%
Alonzo Menifield,alonzo-menifield-fighter,1,0,-,0,-,0,-,0,-
Jamelle Jones,jamelle-jones-fighter,1,4,80.0%,0,-,0,-,4,80.0%
Peter Petties,peter-petties-fighter,1,20,29.4%,15,24.6%,1,50.0%,4,80.0%
Kevin Gray,kevin-gray-fighter,1,10,62.5%,3,33.3%,3,100.0%,4,100.0%
Donavon Frelow,donavon-frelow-fighter,1,36,27.9%,25,22.3%,9,69.2%,2,50.0%
Everett Sims,everett-sims-fighter,1,10,66.7%,4,50.0%,5,83.3%,1,100.0%
Shelton Graves,shelton-graves-fighter,1,27,69.2%,15,57.7%,12,92.3%,0,-
Grant Dawson,grant-dawson-fighter,1,24,49.0%,20,47.6%,4,57.1%,0,-
Adrian Diaz,adrian-diaz-fighter,1,3,42.9%,2,33.3%,1,100.0%,0,-
Karl Reed,karl-reed-fighter,1,33,42.3%,24,35.3%,7,100.0%,2,66.7%
Cameron Olson,cameron-olson-fighter,1,47,47.5%,18,28.6%,4,40.0%,25,96.2%
Jaime Alvarez,jamie-alvarez-fighter,1,41,40.2%,24,34.8%,6,46.2%,11,55.0%
Tiffany Masters,tiffany-masters-fighter,1,52,62.7%,24,45.3%,19,90.5%,9,100.0%
Jamie Colleen,jamie-colleen-fighter,1,38,49.4%,29,43.3%,7,100.0%,2,66.7%
Randall Wallace,randall-wallace-fighter,1,8,38.1%,3,25.0%,2,40.0%,3,75.0%
Jordan Espinosa,jordan-espinosa-fighter,1,0,-,0,-,0,-,0,-
Bevon Lewis,bevon-lewis-fighter,1,0,-,0,-,0,-,0,-
Alex Reyes,alex-reyes-fighter,1,6,46.2%,1,14.3%,4,80.0%,1,100.0%
Michal Oleksiejczuk,michal-oleksiejczuk-fighter,1,76,58.5%,40,44.9%,29,87.9%,7,87.5%
Wang Guan,wang-guan-fighter,1,71,43.3%,30,28.3%,11,55.0%,30,78.9%
Nicco Montano,nicco-montano-fighter,1,186,40.8%,138,34.8%,13,56.5%,35,97.2%
Priscila Cachoeira,priscila-cachoeira-fighter,1,2,16.7%,2,16.7%,0,-,0,-
Andrea Lee,andrea-lee-fighter,1,56,60.2%,17,45.9%,24,82.8%,15,55.6%
Dan Moret,dan-moret-fighter,1,20,34.5%,10,23.3%,4,44.4%,6,100.0%
Don Madge,don-madge-fighter,1,21,67.7%,14,60.9%,6,85.7%,1,100.0%
Jennifer Maia,jennifer-maia-fighter,1,42,40.4%,19,26.4%,14,60.9%,9,100.0%
Blagoy Ivanov,blagoy-ivanov-fighter,1,51,22.3%,40,18.8%,10,66.7%,1,100.0%
Molly McCann,molly-mccann-fighter,1,10,30.3%,10,31.3%,0,0.0%,0,-
Richie Smullen,richie-smullen-fighter,1,7,77.8%,3,60.0%,1,100.0%,3,100.0%
Allan Zuniga,allan-zuniga-fighter,1,59,52.7%,33,42.3%,18,75.0%,8,80.0%
Joe Giannetti,joe-giannetti-fighter,1,29,38.7%,3,7.0%,11,64.7%,15,100.0%
Jay Cucciniello,jay-cucciniello-fighter,1,14,21.9%,8,14.5%,5,62.5%,1,100.0%
Tyler Diamond,tyler-diamond-fighter,1,51,47.7%,34,38.6%,12,85.7%,5,100.0%
Bryce Mitchell,bryce-mitchell-fighter,1,38,55.1%,29,58.0%,9,50.0%,0,0.0%
Matt Sayles,matt-sayles-fighter,1,77,32.8%,39,21.1%,23,76.7%,15,75.0%
Khalid Taha,khalid-taha-fighter,1,32,56.1%,24,54.5%,3,50.0%,5,71.4%
Adam Yandiev,adam-yandiev-fighter,1,1,8.3%,0,0.0%,0,0.0%,1,100.0%
Maycee Barber,maycee-barber-fighter,1,68,70.1%,46,63.0%,16,88.9%,6,100.0%
Jin Soo Son,jin-soo-son-fighter,1,58,26.4%,51,25.1%,4,30.8%,3,75.0%
Bobby Moffett,bobby-moffett-fighter,1,20,35.7%,13,27.7%,1,50.0%,6,85.7%
Augusto Sakai,augusto-sakai-fighter,1,111,50.9%,81,47.9%,21,60.0%,9,64.3%
Mayra Bueno Silva,mayra-bueno-silva-fighter,1,11,34.4%,9,30.0%,2,100.0%,0,-
Stefan Sekulic,stefan-sekulic-fighter,1,22,37.9%,6,17.6%,3,33.3%,13,86.7%
Khalid Murtazaliev,khalid-murtazaliev-fighter,1,48,69.6%,33,62.3%,11,91.7%,4,100.0%
Chris Fishgold,chris-fishgold-fighter,1,20,26.7%,14,22.6%,1,25.0%,5,55.6%
Te Edwards,te-edwards-fighter,1,5,33.3%,4,28.6%,1,100.0%,0,-
Luigi Vendramini,luigi-vendramini-fighter,1,4,23.5%,1,9.1%,2,66.7%,1,33.3%
Jalin Turner,jalin-turner-fighter,1,31,53.4%,25,50.0%,5,83.3%,1,50.0%
Jonathan Martinez,jonathan-martinez-fighter,1,71,64.0%,36,53.7%,27,81.8%,8,72.7%
Thiago Moises,thiago-moises-fighter,1,8,50.0%,5,45.5%,3,60.0%,0,-
Hannah Cifers,hannah-cifers-fighter,1,41,59.4%,10,31.3%,19,79.2%,12,92.3%
Devonte Smith,devonte-smith-fighter,1,13,68.4%,9,60.0%,2,100.0%,2,100.0%
Su Mudaerji,su-mudaerji-fighter,1,18,60.0%,18,62.1%,0,0.0%,0,-
Kevin Aguilar,kevin-aguilar-fighter,1,86,51.2%,47,37.9%,33,86.8%,6,100.0%
Chris Gutierrez,chris-gutierrez-fighter,1,26,50.0%,9,36.0%,0,0.0%,17,73.9%
Alex Gorgees,alex-gorgees-fighter,1,10,32.3%,5,23.8%,3,60.0%,2,40.0%
Damir Ismagulov,damir-ismagulov-fighter,1,34,61.8%,22,57.9%,9,69.2%,3,75.0%
Juan Espino,juan-espino-dieppa-fighter,1,22,95.7%,19,95.0%,3,100.0%,0,-
Justin Frazier,justin-frazier-fighter,1,4,66.7%,0,0.0%,4,100.0%,0,-
Pannie Kianzad,pannie-kianzad-fighter,1,19,48.7%,10,37.0%,9,75.0%,0,-
Macy Chiasson,macy-chiasson-fighter,1,24,48.0%,11,35.5%,12,66.7%,1,100.0%
Maurice Greene,maurice-greene-fighter,1,9,60.0%,6,54.5%,1,50.0%,2,100.0%
Michel Batista,michel-batista-fighter,1,0,-,0,-,0,-,0,-
Julija Stoliarenko,julija-stoliarenko-fighter,1,57,36.1%,39,31.0%,7,50.0%,11,61.1%
Leah Letson,leah-letson-fighter,1,73,40.8%,40,29.2%,19,73.1%,14,87.5%
Anthony Hernandez,anthony-hernandez-fighter,1,0,-,0,-,0,-,0,-
Rogerio Bontorin,rogerio-bontorin-fighter,1,0,-,0,-,0,-,0,-
Taila Santos,taila-santos-fighter,1,0,-,0,-,0,-,0,-
Kyle Nelson,kyle-nelson-fighter,1,20,40.0%,12,32.4%,6,60.0%,2,66.7%
Kron Gracie,kron-gracie-fighter,1,0,-,0,-,0,-,0,-
